Date,Open,High,Low,Close,Volume,Adj Close
2011-12-30,81.85,81.85,81.46,81.47,63000,81.47
2011-12-29,81.65,81.96,81.35,81.93,52100,81.93
2011-12-28,81.90,81.90,81.25,81.29,130100,81.29
2011-12-27,81.88,82.07,81.67,81.82,80700,81.82
2011-12-23,81.35,81.82,81.16,81.74,44500,81.74
2011-12-22,81.47,81.47,80.88,81.10,65500,81.10
2011-12-21,80.36,81.30,80.33,81.28,69200,81.28
2011-12-20,81.51,82.37,81.46,82.32,74200,80.43
2011-12-19,81.10,81.68,80.47,80.67,73900,78.81
2011-12-16,81.46,81.59,80.77,81.05,63000,79.19
2011-12-15,80.88,81.13,80.71,80.94,68900,79.08
2011-12-14,80.35,80.72,80.07,80.14,81400,78.30
2011-12-13,81.45,81.59,80.46,80.63,79500,78.77
2011-12-12,81.36,81.45,80.48,81.04,99500,79.18
2011-12-09,81.22,81.85,81.07,81.70,43200,79.82
2011-12-08,81.50,81.50,80.68,80.77,53200,78.91
2011-12-07,81.63,81.97,81.00,81.71,53000,79.83
2011-12-06,81.30,81.84,81.15,81.59,43400,79.71
2011-12-05,81.79,81.79,80.99,81.34,61500,79.47
2011-12-02,81.71,81.71,80.92,81.08,57200,79.21
2011-12-01,81.15,81.83,81.02,81.12,60900,79.25
2011-11-30,80.77,81.33,80.73,81.27,135400,79.40
2011-11-29,79.00,79.69,78.82,79.35,68700,77.52
2011-11-28,78.40,78.73,78.18,78.62,113100,76.81
2011-11-25,77.12,77.88,77.12,77.40,16500,75.62
2011-11-23,77.57,77.64,77.00,77.24,78700,75.46
2011-11-22,78.00,78.62,77.80,78.10,60700,76.30
2011-11-21,78.51,78.72,77.74,78.14,155100,76.34
2011-11-18,79.27,79.52,79.01,79.33,40600,77.50
2011-11-17,79.39,79.80,78.60,79.11,60700,77.29
2011-11-16,79.68,80.55,79.44,79.47,94800,77.64
2011-11-15,79.71,80.39,79.53,80.17,62700,78.33
2011-11-14,80.04,80.04,79.48,79.75,75600,77.92
2011-11-11,80.01,80.42,79.97,80.25,33300,78.40
2011-11-10,79.57,79.57,78.69,79.31,83200,77.49
2011-11-09,79.63,79.68,78.64,78.82,69200,77.01
2011-11-08,80.11,80.78,79.69,80.74,40500,78.88
2011-11-07,79.20,79.90,78.85,79.88,311100,78.04
2011-11-04,79.43,79.51,78.91,79.48,56000,77.65
2011-11-03,79.51,79.91,79.11,79.86,67300,78.02
2011-11-02,78.86,78.93,78.39,78.83,58500,77.02
2011-11-01,78.01,78.85,77.89,78.14,76100,76.34
2011-10-31,80.12,80.48,79.65,79.65,79200,77.82
2011-10-28,80.88,80.88,80.35,80.75,87700,78.89
2011-10-27,80.67,81.08,80.00,80.71,156000,78.85
2011-10-26,79.61,79.61,78.49,79.53,53900,77.70
2011-10-25,79.77,79.84,78.76,78.87,35200,77.06
2011-10-24,80.30,80.30,79.70,80.02,144300,78.18
2011-10-21,79.89,80.32,79.77,80.32,98700,78.47
2011-10-20,78.82,79.36,78.62,78.97,100300,77.15
2011-10-19,78.99,79.52,78.63,78.65,145300,76.84
2011-10-18,78.43,79.54,77.91,78.97,68300,77.15
2011-10-17,79.12,79.25,78.22,78.29,56400,76.49
2011-10-14,79.30,79.30,78.71,79.27,65000,77.45
2011-10-13,78.31,78.76,78.00,78.58,39000,76.77
2011-10-12,78.77,79.20,78.48,78.68,57400,76.87
2011-10-11,78.00,78.25,77.81,78.05,66800,76.25
2011-10-10,77.96,78.17,77.62,78.17,43300,76.37
2011-10-07,77.08,77.56,76.58,76.98,45300,75.21
2011-10-06,75.73,76.60,75.52,76.58,37700,74.82
2011-10-05,75.69,75.74,75.13,75.70,38000,73.96
2011-10-04,74.09,75.47,73.38,75.47,90400,73.73
2011-10-03,75.98,76.36,74.84,74.84,97400,73.12
2011-09-30,76.38,77.27,76.19,76.23,49100,74.48
2011-09-29,77.61,77.77,76.14,77.03,38400,75.26
2011-09-28,77.97,78.08,76.37,76.42,26300,74.66
2011-09-27,78.41,78.58,77.58,77.80,55400,76.01
2011-09-26,76.57,77.29,75.96,77.26,38400,75.48
2011-09-23,75.77,76.05,75.25,75.77,58400,74.03
2011-09-22,75.81,76.01,75.08,75.83,78800,74.09
2011-09-21,78.94,79.04,77.39,77.39,149400,75.61
2011-09-20,79.20,79.64,78.74,78.74,68900,76.93
2011-09-19,78.49,78.88,78.15,78.71,35700,76.90
2011-09-16,79.45,79.57,79.02,79.34,39000,77.51
2011-09-15,78.62,78.88,77.95,78.88,41500,77.07
2011-09-14,77.55,78.64,77.00,77.95,35400,76.16
2011-09-13,76.95,77.19,76.41,77.10,75400,75.33
2011-09-12,75.81,76.68,75.52,76.66,306600,74.90
2011-09-09,77.81,77.81,76.25,76.61,40600,74.85
2011-09-08,78.41,79.07,78.31,78.31,73200,76.51
2011-09-07,78.15,78.56,77.83,78.54,74000,76.73
2011-09-06,76.02,77.29,75.70,77.19,136800,75.41
2011-09-02,77.64,78.08,77.44,77.45,264900,75.67
2011-09-01,79.03,79.61,78.55,78.62,52500,76.81
2011-08-31,79.12,79.46,78.64,78.95,66600,77.13
2011-08-30,78.41,79.13,77.93,78.75,120700,76.94
2011-08-29,77.64,78.48,77.64,78.48,83100,76.67
2011-08-26,75.87,77.16,74.90,76.99,76700,75.22
2011-08-25,77.71,77.71,76.10,76.31,91800,74.55
2011-08-24,77.17,77.54,76.70,77.50,88200,75.72
2011-08-23,75.60,77.07,75.39,77.01,54200,75.24
2011-08-22,76.37,76.37,75.15,75.28,40400,73.55
2011-08-19,74.94,76.48,74.94,75.05,83600,73.32
2011-08-18,76.16,76.35,74.94,75.68,119800,73.94
2011-08-17,76.86,77.63,76.74,77.20,42400,75.42
2011-08-16,76.37,77.09,76.17,76.70,121300,74.94
2011-08-15,76.13,76.69,75.63,76.61,230600,74.85
2011-08-12,75.68,75.95,74.90,75.59,49300,73.85
2011-08-11,72.98,75.60,72.73,74.79,66500,73.07
2011-08-10,74.40,74.40,72.46,72.71,147100,71.04
2011-08-09,74.46,75.20,71.74,75.20,286200,73.47
2011-08-08,74.92,76.02,73.32,73.38,368200,71.69
2011-08-05,76.25,76.93,74.70,76.55,119900,74.79
2011-08-04,77.35,77.71,75.32,75.43,109900,73.69
2011-08-03,77.68,78.05,76.94,78.05,95800,76.25
2011-08-02,77.95,78.34,77.50,77.56,49200,75.78
2011-08-01,79.47,79.47,77.84,78.54,102300,76.73
2011-07-29,78.61,79.41,78.61,78.77,53000,76.96
2011-07-28,79.26,79.92,79.20,79.22,222100,77.40
2011-07-27,79.76,79.90,79.04,79.15,48900,77.33
2011-07-26,80.42,80.50,80.04,80.14,24000,78.30
2011-07-25,80.38,80.69,80.28,80.31,26600,78.46
2011-07-22,81.29,81.37,80.98,81.14,27000,79.27
2011-07-21,81.01,81.39,80.79,81.26,41200,79.39
2011-07-20,81.09,81.09,80.49,80.72,24400,78.86
2011-07-19,80.01,80.97,79.99,80.92,33000,79.06
2011-07-18,79.90,79.92,79.18,79.65,51400,77.82
2011-07-15,80.26,80.26,79.66,80.16,61100,78.32
2011-07-14,80.36,80.59,79.84,80.00,122400,78.16
2011-07-13,80.76,80.76,80.29,80.42,57900,78.57
2011-07-12,80.43,80.90,80.27,80.35,43700,78.50
2011-07-11,80.46,80.72,80.40,80.56,76100,78.71
2011-07-08,80.95,81.24,80.77,81.24,35700,79.37
2011-07-07,81.59,81.67,81.38,81.47,58500,79.60
2011-07-06,80.52,81.07,80.52,80.94,47400,79.08
2011-07-05,80.51,80.78,80.34,80.46,132900,78.61
2011-07-01,79.87,80.55,79.58,80.47,90200,78.62
2011-06-30,79.43,79.92,79.43,79.92,41200,78.08
2011-06-29,79.20,79.42,79.08,79.25,482900,77.43
2011-06-28,78.81,78.88,78.60,78.88,30300,77.07
2011-06-27,78.16,78.72,78.16,78.47,110000,76.66
2011-06-24,78.76,78.76,78.03,78.10,14400,76.30
2011-06-23,78.77,78.77,77.93,78.57,52900,76.76
2011-06-22,79.73,79.75,79.30,79.36,28900,77.53
2011-06-21,79.98,79.98,79.63,79.87,58500,78.03
2011-06-20,79.04,79.88,79.04,79.76,60500,77.92
2011-06-17,79.44,79.60,79.14,79.18,26000,77.36
2011-06-16,78.21,78.91,78.20,78.75,43100,76.94
2011-06-15,78.84,78.97,77.86,78.16,28100,76.36
2011-06-14,79.01,79.52,78.85,79.25,124000,77.43
2011-06-13,78.15,78.71,78.05,78.39,111700,76.59
2011-06-10,78.72,78.74,78.00,78.04,99100,76.24
2011-06-09,78.65,79.33,78.49,78.97,37600,77.15
2011-06-08,78.43,78.67,78.22,78.50,54600,76.69
2011-06-07,79.06,79.06,78.55,78.55,46500,76.74
2011-06-06,78.98,79.10,78.70,78.70,260300,76.89
2011-06-03,79.25,79.52,79.05,79.16,41700,77.34
2011-06-02,80.94,80.94,79.70,79.99,46100,78.15
2011-06-01,81.46,81.67,80.77,80.84,102800,78.98
2011-05-31,81.52,81.72,81.25,81.72,47100,79.84
2011-05-27,80.82,81.27,80.82,80.97,23400,79.11
2011-05-26,80.32,80.78,80.06,80.63,52000,78.77
2011-05-25,80.70,80.70,80.16,80.47,54800,78.62
2011-05-24,81.24,81.24,80.89,80.97,39000,79.11
2011-05-23,81.17,81.25,80.78,81.04,55000,79.18
2011-05-20,81.82,81.90,81.41,81.59,38400,79.71
2011-05-19,81.73,81.88,81.40,81.85,55500,79.97
2011-05-18,81.35,81.54,81.00,81.49,61200,79.62
2011-05-17,80.97,81.43,80.90,81.25,53100,79.38
2011-05-16,80.95,81.31,80.89,81.05,148000,79.19
2011-05-13,81.31,81.52,80.96,81.13,71300,79.26
2011-05-12,79.98,81.27,79.98,81.21,251300,79.34
2011-05-11,80.23,80.51,79.82,80.13,62100,78.29
2011-05-10,79.84,80.29,79.84,80.24,34600,78.39
2011-05-09,79.55,79.84,79.40,79.71,87600,77.88
2011-05-06,79.89,80.08,79.25,79.42,41300,77.59
2011-05-05,79.69,79.78,79.00,79.21,53500,77.39
2011-05-04,79.88,80.10,79.71,79.80,76000,77.96
2011-05-03,79.57,79.85,79.51,79.82,62700,77.98
2011-05-02,79.88,79.88,79.53,79.62,58000,77.79
2011-04-29,79.37,79.65,79.32,79.57,76000,77.74
2011-04-28,78.72,79.38,78.50,79.31,77000,77.49
2011-04-27,78.36,78.78,78.36,78.76,42300,76.95
2011-04-26,77.90,78.33,77.65,78.25,45600,76.45
2011-04-25,77.84,77.86,77.46,77.68,119200,75.89
2011-04-21,78.27,78.27,77.83,77.95,31400,76.16
2011-04-20,78.16,78.16,77.84,77.92,40000,76.13
2011-04-19,77.33,77.49,77.07,77.49,27900,75.71
2011-04-18,77.52,77.52,76.98,77.33,193800,75.55
2011-04-15,77.57,77.92,77.43,77.87,36500,76.08
2011-04-14,76.72,77.57,76.70,77.45,51900,75.67
2011-04-13,77.18,77.18,76.83,76.98,49300,75.21
2011-04-12,76.44,77.06,76.44,76.95,46500,75.18
2011-04-11,76.56,77.04,76.56,76.77,28600,75.00
2011-04-08,76.87,76.87,76.17,76.41,196500,74.65
2011-04-07,76.50,76.66,76.27,76.65,30600,74.89
2011-04-06,76.42,76.70,76.42,76.60,33800,74.84
2011-04-05,76.02,76.46,76.02,76.31,12800,74.55
2011-04-04,76.20,76.20,76.01,76.17,23500,74.42
2011-04-01,75.96,76.16,75.80,76.04,41500,74.29
2011-03-31,75.60,75.80,75.57,75.59,44100,73.85
2011-03-30,75.47,75.81,75.47,75.70,43200,73.96
2011-03-29,74.81,75.26,74.81,75.23,89000,73.50
2011-03-28,75.12,75.50,74.87,74.87,74500,73.15
2011-03-25,75.01,75.15,74.87,74.93,63300,73.21
2011-03-24,74.68,74.95,74.57,74.85,17800,73.13
2011-03-23,73.87,74.32,73.78,74.30,18000,72.59
2011-03-22,74.11,74.20,73.96,74.06,34000,72.36
2011-03-21,73.85,74.23,73.56,74.10,71900,72.40
2011-03-18,73.37,73.41,72.79,73.13,28000,71.45
2011-03-17,73.15,73.15,72.40,72.62,26600,70.95
2011-03-16,72.95,73.00,71.89,72.17,105100,70.51
2011-03-15,73.05,73.48,72.59,73.19,36000,71.51
2011-03-14,74.13,74.13,73.58,73.92,19000,72.22
2011-03-11,74.20,74.63,74.06,74.49,23700,72.78
2011-03-10,74.46,74.84,74.31,74.42,18500,72.71
2011-03-09,74.47,74.91,74.32,74.82,24400,73.10
2011-03-08,73.88,74.50,73.88,74.45,33400,72.74
2011-03-07,74.12,74.27,73.62,73.79,22500,72.09
2011-03-04,74.49,74.49,73.73,74.08,50800,72.38
2011-03-03,74.19,74.50,73.96,74.41,21900,72.70
2011-03-02,73.67,73.80,73.44,73.63,38400,71.94
2011-03-01,74.67,74.69,73.79,73.80,39000,72.10
2011-02-28,74.21,74.50,74.08,74.26,20300,72.55
2011-02-25,73.54,74.00,73.54,73.95,44200,72.25
2011-02-24,73.63,73.91,73.24,73.54,23500,71.85
2011-02-23,73.92,74.20,73.75,73.81,28000,72.11
2011-02-22,73.99,74.49,73.88,74.04,42600,72.34
2011-02-18,74.43,74.63,74.28,74.58,56000,72.86
2011-02-17,73.83,74.46,73.79,74.46,52700,72.75
2011-02-16,73.86,74.00,73.74,73.92,28900,72.22
2011-02-15,73.67,73.77,73.50,73.68,20100,71.98
2011-02-14,73.93,73.96,73.59,73.70,34600,72.00
2011-02-11,73.33,74.03,73.25,74.00,35400,72.30
2011-02-10,73.80,73.80,73.25,73.52,36100,71.83
2011-02-09,73.58,73.89,73.58,73.87,26300,72.17
2011-02-08,73.42,73.68,73.32,73.67,195600,71.98
2011-02-07,73.30,73.50,73.15,73.32,48200,71.63
2011-02-04,72.85,73.21,72.75,73.19,26000,71.51
2011-02-03,72.39,72.87,72.39,72.81,44300,71.13
2011-02-02,72.67,72.67,72.24,72.43,97200,70.76
2011-02-01,72.31,72.93,72.31,72.74,51900,71.07
2011-01-31,72.38,72.41,72.00,72.21,85000,70.55
2011-01-28,73.21,73.43,72.27,72.36,37400,70.70
2011-01-27,73.69,73.69,73.04,73.23,44700,71.55
2011-01-26,74.13,74.13,73.81,73.87,28900,72.17
2011-01-25,73.73,74.03,73.62,73.98,47800,72.28
2011-01-24,73.64,73.86,73.50,73.84,42200,72.14
2011-01-21,73.95,73.95,73.47,73.59,36400,71.90
2011-01-20,73.25,73.71,73.25,73.56,25500,71.87
2011-01-19,73.56,73.56,73.13,73.27,37400,71.58
2011-01-18,73.55,73.71,73.44,73.54,46200,71.85
2011-01-14,73.55,73.55,73.30,73.52,50600,71.83
2011-01-13,73.25,73.54,73.25,73.50,41100,71.81
2011-01-12,72.95,73.40,72.91,73.27,50300,71.58
2011-01-11,72.97,72.97,72.58,72.70,33400,71.03
2011-01-10,72.59,72.77,72.39,72.71,78300,71.04
2011-01-07,72.96,72.96,72.45,72.71,100200,71.04
2011-01-06,73.36,73.36,72.91,73.02,92200,71.34
2011-01-05,72.97,73.41,72.97,73.29,23800,71.60
2011-01-04,73.64,73.64,73.06,73.20,58400,71.52
2011-01-03,73.81,73.81,73.43,73.51,60200,71.82
